<?xml version="1.0" encoding="UTF-8"?>
<!DOCTYPE hibernate-configuration PUBLIC
        "-//Hibernate/Hibernate Configuration DTD 3.0//EN"
        " http://www.hibernate.org/dtd/hibernate-configuration-3.0.dtd">
<hibernate-configuration>

    <session-factory>

        <property name="hibernate.connection.provider_class">
            com.alibaba.druid.support.hibernate.DruidConnectionProvider
        </property>
        <property name="driverClassName">com.mysql.jdbc.Driver</property>
        <property name="url">
            jdbc:mysql://127.0.0.1:3306/sx?autoReconnect=true&amp;useUnicode=true&amp;characterEncoding=utf-8&amp;zeroDateTimeBehavior=convertToNull&amp;useSSL=false
        </property>
        <property name="username">root</property>
        <property name="password">199951</property>

        <!-- 配置初始化大小、最小、最大 -->
        <property name="initialSize">1</property>
        <property name="minIdle">1</property>
        <property name="maxActive">20</property>

        <!-- 配置获取连接等待超时的时间 -->
        <property name="maxWait">60000</property>

        <!-- 配置间隔多久才进行一次检测，检测需要关闭的空闲连接，单位是毫秒 -->
        <property name="timeBetweenEvictionRunsMillis">60000</property>

        <!-- 配置一个连接在池中最小生存的时间，单位是毫秒 -->
        <property name="minEvictableIdleTimeMillis">300000</property>


        <!-- 打开PSCache，并且指定每个连接上PSCache的大小 -->
        <property name="poolPreparedStatements">true</property>
        <property name="maxPoolPreparedStatementPerConnectionSize">20</property>

        <!-- 配置监控统计拦截的filters，去掉后监控界面sql无法统计 -->
        <property name="filters">stat</property>
        <!-- JDBC connection pool (use the built-in) -->
        <!--   <property name="connection.pool_size">5</property> -->

        <!-- SQL dialect -->
        <property name="dialect">org.hibernate.dialect.MySQL5InnoDBDialect</property>

        <!-- Enable Hibernate's automatic session context management -->
        <property name="current_session_context_class">thread</property>

        <!-- Disable the second-level cache  -->
        <property name="cache.provider_class">org.hibernate.cache.internal.NoCacheProvider</property>

        <!-- Echo all executed SQL to stdout -->
        <property name="show_sql">true</property>

        <!-- Drop and re-create the database schema on startup -->
        <property name="hbm2ddl.auto">update</property>




        <!-- 需要关联的 hibernate 映射文件 .hbm.xml -->
        <mapping resource="User.hbm.xml"/>
        <mapping resource="Orders.hbm.xml"/>



    </session-factory>

</hibernate-configuration>
